short_descriptions,priority
Unlock user access,2 - Normal
Unlock user access,2 - Normal
Please grant access to roles for TPM approvals,2 - Normal
george@capital-forklift.ru,2 - Normal
IT - 3PL user password reset,1 - Urgent
RS - Request for SAP authorizations,2 - Normal
please modify the user in template,2 - Normal
CZ - Redirect mail ,2 - Normal
GR - OOS Performance Management Tool ,2 - Normal
MK - Request to whitelist domain,1 - Urgent
GR - Xtel access for user GR202395,1 - Urgent
GR - CRM access for user GR202395,1 - Urgent
 Wave 2,2 - Normal
Please grant access to Cadency Productive and Quality systems to user ASQ00741,2 - Normal
User access to BPM ,2 - Normal
CZ -  No authorization to maintain Pension/handcap 0 exists - transaction PA61 / INC0921205,1 - Urgent
Approval access BNK_APP (role),2 - Normal
 Wave 2,2 - Normal
Power BI Pro approvers,1 - Urgent
HR - Add user to shared mailbox,2 - Normal
GR - Line Transfer,2 - Normal
Access to CCR's Auditors,2 - Normal
GR - Special Pc  GR00023150,1 - Urgent
Please assign me to group G SNOW REPORT ADMINS,2 - Normal
Rename sales district,2 - Normal
CY - SAP Accesss Roles,1 - Urgent
AirWatch,2 - Normal
HU - Hu008771 no access for SAP ad-hoc query,1 - Urgent
CZ  -   OOS Performance Tool - Authorization,1 - Urgent
NG - Access Clean Up,1 - Urgent
BT- Rename meeting room's for new Tallinn office,2 - Normal
XML Load for advance contracts p.08 2020,1 - Urgent
Surveys to be Updated,2 - Normal
BSR - MTC - Create/ Change access - License,1 - Urgent
SFO FTP access for ROQ01610 in /RO/2605175650,2 - Normal
TCCC Data sharing July Actuals for NSR ,1 - Urgent
 Wave 2,2 - Normal
Update table T030H for the account 215110322,1 - Urgent
3060083 Chumak Vadim Q2 Quarterly Snapshot task release,2 - Normal
please add users to AD groups,2 - Normal
BT - Assign access to Tellimus Eesti mailbox,2 - Normal
UA000782 additional access,1 - Urgent
GR - BW FSM110 non volume Targets upload August '20,1 - Urgent
PL - Old items in inbox ,2 - Normal
 Wave 2,2 - Normal
PL CSC Lines 59,1 - Urgent
Office 365,2 - Normal
Internet Access,2 - Normal
GR - IW49N Access,2 - Normal
please change address of plant 3250,1 - Urgent
PL - room reservation question - INC0921213 ,2 - Normal
"BT - Add users to ""Baltic ServiceDesk""",2 - Normal
CZ  -   access ML81n,2 - Normal
CZ - Power BI access,1 - Urgent
CZ - Power BI access,1 - Urgent
Extend storage space,2 - Normal
Planon authorization for user BS000611,2 - Normal
SAP Quality and Test system access,1 - Urgent
HU - Missing account determination - Juice Var Pack,2 - Normal
 Wave 2,2 - Normal
 Wave 2,2 - Normal
0415_cumulative flow,2 - Normal
Related to - RITM1005977 ,2 - Normal
can we change extetion for the phone ,2 - Normal
CH - Survey Upload to Q and finally to P,2 - Normal
Change Approver,1 - Urgent
IT - 3PL user password reset,1 - Urgent
Office 365,2 - Normal
In continuation of INC0921420 please reset password,1 - Urgent
RS - Monthly BPMS Scorecard upload - July 2020,2 - Normal
 Wave 2,2 - Normal
Assign user Accesses to BPM-tool,1 - Urgent
CZSK DME OPEX Drivers Reload,1 - Urgent
Please provide access to CustomersProfitabilityReporting@cchellenic.com,2 - Normal
PL - room reservation question,2 - Normal
Remote Access,2 - Normal
Add Insite access to the user ,2 - Normal
Unblock user access to Wave 1,1 - Urgent
HU - role assign,2 - Normal
BSR - MTC - Create/ Change access - License,1 - Urgent
UA Chernigov connect bk  4G router,1 - Urgent
Please block the domain @capital-forklift.ru,2 - Normal
BT - SSF approver change,2 - Normal
Change in BP 2020 waste data for 2 plants,2 - Normal
CH - SAP Accesses same as User CH002943,2 - Normal
CH-Access required (HS3),2 - Normal
HU - Fiori Unlock,2 - Normal
GR - Assign approver of Contract ,1 - Urgent
PL - Assign Access ,2 - Normal
AD account for Scalefocus (Support team),2 - Normal
CH - SSF MDM rights request,2 - Normal
Please provide VPN access to external accounts,1 - Urgent
Please create external accounts in AD with IDM,1 - Urgent
BPMS access,2 - Normal
 Wave 2,2 - Normal
 Wave 2,2 - Normal
 Wave 2,2 - Normal
 Wave 2,2 - Normal
Ro - SAP access,1 - Urgent
Enable online archive on Theodosis.Gialamas@cchellenic.com HQ000848,1 - Urgent
Please create an OSS User,2 - Normal
HU - Block email address,2 - Normal
Create SD,2 - Normal
Value help list,1 - Urgent
Password P13 reset,1 - Urgent
Video Room Conf.(Blue Jeans with Polycom and Ext.),2 - Normal
 Wave 2,2 - Normal
CY - Transfer Email Address,2 - Normal
Planon,2 - Normal
Telephone Conferencing for Office 365,2 - Normal
unlock airwatch user rf119413,2 - Normal
 Wave 2,2 - Normal
SAP Q02/3 Access request for Winshuttle consultant,2 - Normal
 Wave 2,2 - Normal
HPQC,2 - Normal
InsITe Portal Access,2 - Normal
Telephone Conferencing for Office 365,2 - Normal
Internet Access,2 - Normal
 Wave 2,2 - Normal
Office 365,2 - Normal
 Wave 2,2 - Normal
Office 365,2 - Normal
Internet Access,2 - Normal
Active Directory and Citrix,2 - Normal
 Wave 2,2 - Normal
Internet Access,2 - Normal
Create New MAM user,2 - Normal
Internet Access,2 - Normal
Mass request for access to ZR_IDM_PF_SD_LOCALSD_BS and ZR_IDM_PF_SD_LOCALSD_SS,1 - Urgent
Add user to email group CCH.Commercial.CDE.Community@cchellenic.com,2 - Normal
SPC Quality Monitoring,2 - Normal
 Wave 2,2 - Normal
 Wave 2,2 - Normal
Creation of new outlook email groups (all external addresses) - Urgent,1 - Urgent
 Wave 2,2 - Normal
PL - SAP access ,2 - Normal
CZ - Reset 2FA,2 - Normal
RS - access to HR portal from Cisco VPN,2 - Normal
 Wave 2,2 - Normal
 Wave 2,2 - Normal
 Wave 2,2 - Normal
Remote Access,2 - Normal
Office 365,2 - Normal
Internet Access,2 - Normal
Active Directory and Citrix,2 - Normal
Opex data reload Baltics July Actuals 2020,1 - Urgent
Please add roles to user RFQ02582 ,2 - Normal
PL - First RFC call failed ,1 - Urgent
GR - Sap Access ,1 - Urgent
CH: please re-check >>> assign users to AD groups (R/RW),1 - Urgent
GR - Active directory ,1 - Urgent
CRI and STM,2 - Normal
change of e-mail address,2 - Normal
HU - BPM can not show this ticket,2 - Normal
PL - Extension on BU level,1 - Urgent
add company email address ,2 - Normal
 Wave 2,2 - Normal
add roles,1 - Urgent
Monika-Malgorzata Michajlowa to be assigned to respective teams WITHOUT removing existing accesses; ,1 - Urgent
BA - Request to blacklist domain,2 - Normal
VPN Access of Ocme.agv to S02_2 HANA ,2 - Normal
BW Access for BS001821,2 - Normal
CO029 Re-load Haulage,1 - Urgent
Assign roles for user ,2 - Normal
BT - @bakertilly issue,1 - Urgent
Intel Driver & Support Assistant Error.,2 - Normal
 Wave 2,2 - Normal
Change of position description,1 - Urgent
AT - Blacklist email sender,2 - Normal
Citrix access to be granted for user CH012558,1 - Urgent
NG - RE-ROUTE INTERNET TRAFFIC VIA GLO LINK TO SOKOTO DEPOT,1 - Urgent
HU-Help us completing an order,2 - Normal
GR - Create new classification characteristic,2 - Normal
IT - Modify VPN site to site of Number 1 Pioltello,2 - Normal
AT - Setup SAP printer,2 - Normal
PL - Assign access ,2 - Normal
Setup SAP Printer,2 - Normal
RO - Assign roles to RO905022 same as ROX11585,2 - Normal
RO - EDI - reprocess order,1 - Urgent
User with lost access,2 - Normal
 Wave 2,2 - Normal
migrate account,2 - Normal
HPQC,2 - Normal
CTI,2 - Normal
 Wave 2,2 - Normal
 Wave 2,2 - Normal
 Wave 2,2 - Normal
AT - Cornerstone roles request,1 - Urgent
"SAP Access for user BS001406, BS001721",1 - Urgent
Create SPC Account,2 - Normal
SAP ACCESS for RF114080 (Natalya Polikarpova),2 - Normal
"GR - Access in the new Front platform for 0450, 0452, 0456 and 0457",2 - Normal
IT - 3PL user password reset,1 - Urgent
SAP ACCESS for RU503732 (Yuliya Sova),2 - Normal
Haulage CC not assigned to OOG,2 - Normal
RO - Learn Admin access in HELO,1 - Urgent
RO - Access to FTD reports,1 - Urgent
Active Directory and Citrix,2 - Normal
Change BY_EQUIPMENT PLACEMENT,2 - Normal
access to the Treasury Operations email inbox : treasury.operations@cchellenic.com,2 - Normal
Please add user RFQ02588 - Dmitriy.Ext.Platonov@cchellenic.com in group G CSC Mac Internet Access,2 - Normal
Add SAP roles for user,1 - Urgent
new planning objects,1 - Urgent
BDAA Segmented_Execution project - SNOW team setup for Infosys team,1 - Urgent
RO - EDI - reprocess orders,1 - Urgent
IT - 3PL user password reset,1 - Urgent
HU - Create shared mailbox request,2 - Normal
ZHR table - 91 Country Reporting Manager; 93 Country Supply Chain Finance Manager,2 - Normal
Access for BS002103 for four mailboxes,1 - Urgent
PL - Add additional access ,2 - Normal
HR - Add email address to receive credit notes ,2 - Normal
Cleaning dumpster folder and activating online archive for user,2 - Normal
Add access to BW reports for RU522401 (Lyubov Zhukova),2 - Normal
RO - temporary roles for BW,1 - Urgent
add role,1 - Urgent
RU503732 change role SPC User to SPC Supervisor,2 - Normal
 Wave 2,2 - Normal
Delete surveys,2 - Normal
Please assign ad group,2 - Normal
BG - Access to folder,2 - Normal
AT - CWBSY0011 - User was disabled on system 10.224.32.33 ,2 - Normal
There is no record of the job title in AD and Office 365,2 - Normal
BG - Delete old tasks ,1 - Urgent
Share categories with G SNOW RU BSO KU,2 - Normal
Change membership of groups G SNOW RU KEY USERS and G SNOW RU BSO KU,2 - Normal
SK - Email Threats - v.toebelmann@haesemann-ip.de / INC0921008,1 - Urgent
Create new SL 6205 in MLS for plant 9111,1 - Urgent
 Wave 2,2 - Normal
CH - Access for processing Dispute Management tasks (HS3),2 - Normal
Give access to local on site team,2 - Normal
Move user P03P03 ,2 - Normal
PL - 3PL unlock user ,2 - Normal
SPC Quality Monitoring,2 - Normal
SPC Quality Monitoring,2 - Normal
SPC Quality Monitoring,2 - Normal
BA - Sender Block admin@ccsi.bold-brand.com,2 - Normal
Access to generic inbox in Outlook needed,2 - Normal
Croatia CTI - Working Saturday's - start 01.08.2020.,2 - Normal
MK - Update of portal and BW roles ,2 - Normal
reset password for Q03,1 - Urgent
Enable online archive for Nikos.Efstathopoulos@cchellenic.com  HQ001189,1 - Urgent
 Wave 2,2 - Normal
CY - re-activate CTI user  - CY001135,2 - Normal
IT - Update table zfi_lease_lifnr,1 - Urgent
S/4 Project related access for SAP NZDT Consultants to P02 and P03 systems,1 - Urgent
Mass upgrade to Office 2016.,1 - Urgent
Generate report for verification receive of invitation that was sent,1 - Urgent
Assign role,2 - Normal
CZ - blocked sender Cchellenic Server <cid@dart-werbung.de> / INC0920944,2 - Normal
Update AS2 connection  - Expert Supplier,2 - Normal
SAP ACCESS for RF126677 (Larisa Leskina),2 - Normal
MK - Install new OS on MKSKPREW0 and rename it to MKSKPTS01,2 - Normal
Password reset EXQ02885,2 - Normal
Indirect Prod,1 - Urgent
IT- Request for new VPN certificate,1 - Urgent
Server decommissioning ,1 - Urgent
Mass changes for RU users - test access for Distribution,2 - Normal
RS - add contacts to GAL / REF INC0920354,2 - Normal
BPMs to be terminated,1 - Urgent
BSO - Add user to mailing group,2 - Normal
Office 365,2 - Normal
Email Threat | Coca-Cola & Alteryx Enablement HUB,2 - Normal
Add position to structural profile,2 - Normal
GR - Access for CRM transaction 'ZFSA_BD_SCAN',2 - Normal
Export of BPM Role Permissions file,2 - Normal
Office 365,2 - Normal
 Wave 2,2 - Normal
IT - Add user to shared mailbox MTC-Italy@cchellenic.com,2 - Normal
Reload data from SDO into BW FSM038,2 - Normal
Office 365,2 - Normal
Internet Access,2 - Normal
Active Directory and Citrix,2 - Normal
Active Directory and Citrix,2 - Normal
Remote Access,2 - Normal
 Wave 2,2 - Normal
Q2 Quarterly Snapshot tasks release,2 - Normal
Change Overtime approvers,2 - Normal
Active Directory and Citrix,2 - Normal
 Wave 2,2 - Normal
Territory Assignment,2 - Normal
CH: Replication issue CH012859 ,1 - Urgent
CHG0068410 - Exclude for one more month,2 - Normal
AT-Cornerstone password,1 - Urgent
Please grant access of AD group BSS-Ubimax to servers RWPYRD04 and RWPYRD03 ,1 - Urgent
 Wave 2,2 - Normal
Materials Period Status changes,1 - Urgent
Cleaning dumpster folder and activating online archive for user RF120902 (Ilya.Eletskih@cchellenic.com),2 - Normal
 Wave 2,2 - Normal
 Wave 2,2 - Normal
Missing approver,1 - Urgent
HU - Missing approver in SAP SSF,1 - Urgent
International movement inside CCH - Termination,2 - Normal
International movement inside CCH - Termination,2 - Normal
CH - Q82 Password Reset,2 - Normal
HU - AD account,2 - Normal
NG - Access to email ,2 - Normal
RS - New Changes for existing IVR,1 - Urgent
PL - Assign access ,2 - Normal
Assign roles in Q systems for ASQ00332,2 - Normal
BPM test users for CY for Q,1 - Urgent
new screensaver for CCHBC Russia - August 3,2 - Normal
Urgent OSS Connection to Q13 BW system with indient 466053 / 2020,1 - Urgent
 Wave 2,2 - Normal
Add user to country approvers team,2 - Normal
Missing data in the Active Directory,2 - Normal
Change owner of mail group,2 - Normal
BG - Password reset for P13,2 - Normal
ifsa parameter change,2 - Normal
"Please grant access for users ASQ00779,ASQ00775,ASQ00781 ",1 - Urgent
Change Person Responsible for Disputes,2 - Normal
Moving Equipment.,2 - Normal
BG - BW Reports issue (Access required),1 - Urgent
HU Sales Strucc modify,2 - Normal
Please create online arhive in mailbox user Tigran.Sevumyan@cchellenic.com and clear recycle bin second level.,2 - Normal
Test! Please ignore!,2 - Normal
Stop Autoposting,2 - Normal
access for Swiss RGM Tools,1 - Urgent
HU - Shut down virtual environment at Zalaszentgrot,1 - Urgent
Call Forwarding,2 - Normal
Activate user RO200088: IVAN T. GRUIA,2 - Normal
"GR - Access to ""Coca-ColaNews@cchellenic.com""",1 - Urgent
Intel Driver & Support Assistant Error. 15 Users,2 - Normal
Need access to HPQS,2 - Normal
New SKUs and plant combination for EDI,2 - Normal
Office 365,2 - Normal
HU - Telemarketer with FIC area role_Jakab Zsófia_12008696,2 - Normal
Please create online arhive and clean the second level basket,2 - Normal
"""Send on behalf of"" rights ",2 - Normal
IE - assign sap roles,1 - Urgent
IE - Assign AD roles,1 - Urgent
 Wave 2,2 - Normal
Change in mailbox,2 - Normal
 Wave 2,2 - Normal
NG - Disable MFA,2 - Normal
CH - Erase Folder,1 - Urgent
Mising customization - Purchasing Document Type,2 - Normal
 Wave 2,2 - Normal
Missing is approver,1 - Urgent
BU GRCY GM Scorecard July 2020,1 - Urgent
RS - Copy data from key figure actual sales,1 - Urgent
BPC roles user BS001568 INC0920020,1 - Urgent
GR - WhiteList Email Address,1 - Urgent
HR - Add AD user to group,2 - Normal
 Wave 2,2 - Normal
RO - Revoke check-in reverse authorization,1 - Urgent
user access for P03 system ,1 - Urgent
BG- Create new e-mail ,2 - Normal
Change AD password,2 - Normal
CSoD August 2020 Release - Display Failed Status for Online Class,2 - Normal
CSoD August 2020 Release - Display Objectives,2 - Normal
Issue with HQ001046 Maria.Tzavelakou@cchellenic.com mailbox - Possible online archive needed,1 - Urgent
PLEASE UNLOCK USER,1 - Urgent
Please distribute the attached executable,1 - Urgent
In Continuation RITM1031270 please apply the policy to all OU's,1 - Urgent
HR- Assignment to position,1 - Urgent
BSO - Password reset ,2 - Normal
Rosa - Power down ESX Host,1 - Urgent
HU - SAP Q system access,1 - Urgent
Provide send rights to HQ000974 for distribution list 2020.HR.Conference.Participants@cchellenic.com,1 - Urgent
AT - New Outlook licence request,2 - Normal
Increase sharepoint storage space,2 - Normal
SK-Update SO/SG in open orders,2 - Normal
 Wave 2,2 - Normal
AT - office E3 license,2 - Normal
SK RED mapping changing,2 - Normal
Report: CCHBC All Employees (CCHBC.All.Employees@cchellenic.com),1 - Urgent
to assign users to profiles from the group RU_ALL,2 - Normal
Assign t-code,2 - Normal
delete ad users,2 - Normal
BSO - Securing Folder w/Password request,2 - Normal
Change SL names,2 - Normal
BSO - access to share drive folder,2 - Normal
PL - Reactivate users in AD ,2 - Normal
Reprocessing Invoice,1 - Urgent
BSR Certification,2 - Normal
 Wave 2,2 - Normal
PL - Access to SQ00,2 - Normal
RO - EDI - Reprocess orders,1 - Urgent
Refresh CZ and SK document for ZSR1 from Q to P system,2 - Normal
Active Directory and Citrix,2 - Normal
Need a new SAP Helo password,2 - Normal
CY - Mailbox Swap to New Account,2 - Normal
BPMs to be terminated,2 - Normal
 Wave 2,2 - Normal
PL - Wave 2,2 - Normal
PL - Active Directory and Citrix,2 - Normal
PL - Internet Access,2 - Normal
PL - Active Directory and Citrix,2 - Normal
PL - Office 365,2 - Normal
CY - Block Domain,1 - Urgent
CH - Remove SSF e-mail notifications ,2 - Normal
Access for BSX02078,2 - Normal
please add roles in P system,2 - Normal
CZ- 2FA reset,1 - Urgent
Assign role ,2 - Normal
Create new mail group: Core Task Team,1 - Urgent
Reprocess the INVRPT file Unicoop Tirreno (EDI),1 - Urgent
AT - New Outlook licence request,2 - Normal
GR - Office 365 ,1 - Urgent
ATHQ - Office 365 keeps asking for authentication every approx 30min,1 - Urgent
Set up of GL accounts for exchange rate differences for cc 0444,1 - Urgent
Update PO RS,1 - Urgent
Please enter a route. ,2 - Normal
Copy roles for KU,2 - Normal
CZ- issue with printronics ,1 - Urgent
CY- Error shipment of Movilizer  for TDS,1 - Urgent
CH - SAP portal password reset,2 - Normal
CY - Block Sender,1 - Urgent
Create SD,2 - Normal
Creation of generic email address,1 - Urgent
BG - Deactivate CTI user ,2 - Normal
BG - Deactivate CTI user ,2 - Normal
BSO - Access to BICI,2 - Normal
BG - Deactivate CTI user ,2 - Normal
BG - Deactivate CTI user,2 - Normal
PL - Access to FBL5N,2 - Normal
CH - MS Audio Conferencing Activation,2 - Normal
change owner of OCR e -mail,2 - Normal
AR summary change from 29.03.2020,2 - Normal
Assigh t-code,2 - Normal
AT - New Server for RDP Sessions regarding ME and RE activities,2 - Normal
 Wave 2,2 - Normal
Change SLs 5098 settings,2 - Normal
 Wave 2,2 - Normal
Stucked shipment SAP-Movi,1 - Urgent
Lotus Notes,2 - Normal
Telephone Conferencing for Office 365,2 - Normal
 Wave 2,2 - Normal
Exchange e-mail accounts,2 - Normal
 Wave 2,2 - Normal
Internet Access,2 - Normal
Active Directory and Citrix,2 - Normal
Office 365,2 - Normal
 Wave 2,2 - Normal
Office 365,2 - Normal
Lotus Notes,2 - Normal
Active Directory and Citrix,2 - Normal
 Wave 2,2 - Normal
Office 365,2 - Normal
Active Directory and Citrix,2 - Normal
Office 365,2 - Normal
Internet Access,2 - Normal
Active Directory and Citrix,2 - Normal
Active Directory and Citrix,2 - Normal
Active Directory and Citrix,2 - Normal
 Wave 2,2 - Normal
 Wave 2,2 - Normal
 Wave 2,2 - Normal
CTI,2 - Normal
"AT - 2FA reset , user can't receive messages",2 - Normal
 Wave 2,2 - Normal
update CI rates,2 - Normal
create a distribution group for mechanics of the Rostov plant Mechanics.Rostov,2 - Normal
GR - Assign user to series ,1 - Urgent
Access to email QA Incoming Goods.RU.CCHBC ,2 - Normal
SPC Quality Monitoring,2 - Normal
AT - User Reset for MLSv3,1 - Urgent
New VM for Skopje - HR application,2 - Normal
 New VM in Serbia - SoC SRA ATOS Skopje,2 - Normal
New VM in Serbia - SoC SRA ATOS Vlasina,2 - Normal
New VM in Serbia - SoC SRA ATOS Belgrade,2 - Normal
New VM in Serbia - SoC CTD Belgrade,2 - Normal
New VM in Serbia - SoC SRA Skopje,2 - Normal
New VM in Serbia - SoC SRA Vlasina,2 - Normal
New VM in Serbia - SoC SRA Belgrade,2 - Normal
Move computer objects to Workstation special,1 - Urgent
HR - Request for Training Administration authorizations in HELO,2 - Normal
Unlock external user EXQ02843 ,2 - Normal
PL - Regarding INC0859331,1 - Urgent
SPC Quality Monitoring,2 - Normal
Move computer objects to Workstation special,1 - Urgent
IBP S&OP,2 - Normal
Local UDB server decommission ,2 - Normal
UDB user cancellation,2 - Normal
Reassign SSF 8003555149,1 - Urgent
CZ - Additional access,2 - Normal
HU - Shared mailbox creation,2 - Normal
blacklist sender,1 - Urgent
blacklist sender,1 - Urgent
CZ-reset 2FA,2 - Normal
IT - RED 2020 changes new version,2 - Normal
additional Fractal user (Fayaz),2 - Normal
extend the user EXQ02287,2 - Normal
CH - Move to special workstations ,2 - Normal
Seasonal review deletion,2 - Normal
HU - 1015788897 remove from HHt device 1690831,1 - Urgent
GR - Assign Roles,1 - Urgent
IE - Assign access MS Audio | CRITICAL,1 - Urgent
Assign OM profiles,2 - Normal
Weekly Error Handling 16.03-20.03.2020,2 - Normal
IT - phishing email / ref.: INC0859275 / block sender,2 - Normal
RS - roles for YU003988,2 - Normal
"I don't currently have this category available, DP",2 - Normal
access for user GR900069 ,1 - Urgent
 Wave 2,2 - Normal
 Wave 2,2 - Normal
URGENT - reasign to approver,1 - Urgent
Access of tab ,2 - Normal
 Wave 2,2 - Normal
 Wave 2,2 - Normal
IT - blacklist domain,1 - Urgent
Contract end date change,2 - Normal
link to SSF 8003562295,2 - Normal
Please Remove Standard Price,1 - Urgent
HR - SAP password reset,1 - Urgent
 Citrix-XenApp-RU-Users,2 - Normal
Assign t-code,2 - Normal
Add to Citrix group,1 - Urgent
add role,2 - Normal
Authorization needed,2 - Normal
111314 / 2020 Difference between FAGLFLEXA & FAGLFLEXT  acces to P03,2 - Normal
 Wave 2,2 - Normal
RS - block domain itesm.mx,2 - Normal
HR - SAP password reset,2 - Normal
GR  - User access,1 - Urgent
RFA review access to Robert Baka,2 - Normal
Talent Acquisition,2 - Normal
RITM0981833_ZHR table,2 - Normal
4 SAC users accounts creation,2 - Normal
FG Manufacturing Cost ('000 €) December 2019 MTD incorrect (BU Russia),2 - Normal
add roles,1 - Urgent
IT - Email threat subject:Te ha enviado un Factura Digital,2 - Normal
Please load entered data to BW Q system,2 - Normal
Planon,2 - Normal
Accesses to SAP Consultant,1 - Urgent
PL - Add missing access to user. ,2 - Normal
to create new routes,2 - Normal
BG - Change SAP User Type,2 - Normal
To create new routes and update the loading time table,2 - Normal
Hungary Sales Re-routing- RITM0958139 - CCAF names,2 - Normal
NG - Access Reinstatement,2 - Normal
Remove business role,2 - Normal
Authorization needed,2 - Normal
 Analysis for MS Office ,2 - Normal
NG - Assign AD Groups,2 - Normal
Please allow the local admin rights,1 - Urgent
Hungary Sales Re-routing- RITM0958139 -new SD,2 - Normal
CY - Printing Software Distribution,2 - Normal
Russia-Schelkovo. Clone VM,2 - Normal
hqfinance01 workstation special,1 - Urgent
CZ - acces to skydoxx,2 - Normal
PL - 13 Capex approver,2 - Normal
Reasign stuck BPMs,1 - Urgent
IE - block sender,2 - Normal
cz - 2FA reset,1 - Urgent
TCC Update (Haulage) - 0560,1 - Urgent
"Hungary Sales Re-routing- RITM0958139 - SO,SG",2 - Normal
Linespeed - new line 686 Krakow,2 - Normal
 Wave 2,2 - Normal
HR - Create users to AW group HR00,2 - Normal
Hungary Sales Re-routing- RITM0958139 - New territories,2 - Normal
HU - Reset 2FA,2 - Normal
Hungary Sales Re-routing- RITM0958139 - Territory to Position,2 - Normal
SSF not working,1 - Urgent
GR - In place upgrade of server,1 - Urgent
Move Workstations to Correct organizational Unit,1 - Urgent
HU - Restore - 1015741276,2 - Normal
GR - datagate access,2 - Normal
Remove business role,2 - Normal
add users to group,1 - Urgent
NEw User for Moscow Plant -Admin Plant ,2 - Normal
NEW User for Moscow Plant RU013256,2 - Normal
PL - 13 Capex approver,2 - Normal
Telephone Conferencing for Office 365,2 - Normal
access to FTP server,2 - Normal
unfreeze the incomplete status (due date extending),2 - Normal
HR - SAP roles,1 - Urgent
RO - reset 2FA,2 - Normal
IT - create new VPN profile for iFSA users,2 - Normal
MK - Invoice reference numbers,2 - Normal
SK-SK - Change date in CMS,2 - Normal
Admin Rights on Workstations,1 - Urgent
Increase port speed on Sarajevo FG,2 - Normal
CH - My business/Procurement access,2 - Normal
 Wave 2,2 - Normal
CH: Citrix access for Zornitsa to support QWELL finance in CH,1 - Urgent
BG - Shared folder access,2 - Normal
extend the storage limit spaces-MD-MDFleetcom,1 - Urgent
New CI rates upload for BAltics,1 - Urgent
There is no organization structure in pposa_crm for Stanislav Semenihin RF128190 ,2 - Normal
User need a new Sap Portal password,2 - Normal
Change of entry date Petr Ljapin 8015860,2 - Normal
IT- Assign Query groups as suggested from INC0856262,1 - Urgent
AP in Targowisko WH,1 - Urgent
SAP ACCESS for RU702722 (Mariya Pozdnyakova),2 - Normal
SAP ACCESS for RU924105 (Ekaterina Artikulova),2 - Normal
HR - ERP/P03 Scanner Password reset ,2 - Normal
SK - access to remote message iPad,1 - Urgent
ATHQ - Delete inactive AW Accounts,1 - Urgent
GR - Access to Transactions,2 - Normal
CY - SQ00 Access,2 - Normal
acces for user,2 - Normal
CZ-2FA reset ,1 - Urgent
CREATE SALES DISTRICT,2 - Normal
Access to HPQC for a new Atos Consultant,2 - Normal
SAP ACCESS for RF128843 (Elena Davydova),2 - Normal
User need a new Sap Portal password,2 - Normal
Grant access in COIN,2 - Normal
assign roles,2 - Normal
PL - Wave 2,2 - Normal
PL - Active Directory and Citrix,2 - Normal
Internet Access,2 - Normal
 Wave 2,2 - Normal
Office 365,2 - Normal
 Wave 2,2 - Normal
extend the storage limit spaces-MD-MD-Salcom,1 - Urgent
Reprocess the INVRPT file Esselunga,1 - Urgent
"Pls, extend up to 310GB for spaces-spaces-MD-MD-Marcom",1 - Urgent
Requesting access rights for Treasury.Cash.Management@cchellenic.com,2 - Normal
Незакрытые запросы ,2 - Normal
CI templates,2 - Normal
AT - Change of a hiring date,2 - Normal
No FX accounts set up for GL 190025112 in company code 0754,1 - Urgent
extend the storage limit spaces-MD-MD-Procom,1 - Urgent
extend the storage limit spaces-MD-MD-HrCom,1 - Urgent
PL - Reset 2FA verification,1 - Urgent
Additional XML all countries ,2 - Normal
Please add access  shredmailbox OM Moscow SPB OM.Moscow.SPB@cchellenic.com,2 - Normal
please reset 2 FA,2 - Normal
Airwatch account deletion,1 - Urgent
CZ - transfer vendor to Planon,1 - Urgent
CI rates update Switzerland Actual rates 2020,2 - Normal
RO - add group,1 - Urgent
CY - Open UDP port 11112,1 - Urgent
GR - Upload images to Hybris ,1 - Urgent
Please include in the recipient group ACC AP.RU.CCHBC <ACC.AP@cchellenic.com>,2 - Normal
Commodity code,1 - Urgent
BG - CAM Password issue,2 - Normal
Re-process EDI order Kaufland,1 - Urgent
CH - Needs CDP Output from country sub core-sw CHZRHSW00,2 - Normal
CZ-renew acces to share disk W ,1 - Urgent
Active Directory and Citrix,2 - Normal
BT - Order deletion,2 - Normal
Please reset MFA for users account Yuriy.Dobrygin@cchellenic.com,2 - Normal
PL - unblock user (reg RITM0980868),1 - Urgent
PL - unblock user (reg RITM0980868),1 - Urgent
BSO - No meetings updates are received,2 - Normal
PL - unblock users (reg RITM0980868),1 - Urgent
CZ-reset password to P03,1 - Urgent
CZ-2fa  reset ,1 - Urgent
Office 365,2 - Normal
 Wave 2,2 - Normal
Active Directory and Citrix,2 - Normal
In continuation of RITM0980215,2 - Normal
CI Rules Update - 0560,1 - Urgent
Enlarging access to BW reports,1 - Urgent
Please remove all old notification form sap inbox for user RU503200,2 - Normal
EDI,2 - Normal
Office 365,2 - Normal
Tatyana.Gracheva@cchellenic.com,2 - Normal
Office 365,2 - Normal
Remote Access,2 - Normal
Active Directory and Citrix,2 - Normal
Internet Access,2 - Normal
Remote Access,2 - Normal
 Wave 2,2 - Normal
Office 365,2 - Normal
Active Directory and Citrix,2 - Normal
Russia - Moscow. Server replacement,2 - Normal
PL - IDM user is locked (reg INC0858742),1 - Urgent
Office 365,2 - Normal
HPQC,2 - Normal
HPQC,2 - Normal
HPQC,2 - Normal
LiveCompare,2 - Normal
PAT,2 - Normal
LiveCompare,2 - Normal
HPQC,2 - Normal
EDI,2 - Normal
IE - Block Sender | Ref INC No: INC0858819,2 - Normal
Master Data Management (MDM),2 - Normal
IBP S&OP,2 - Normal
EDI,2 - Normal
HPQC,2 - Normal
HPQC,2 - Normal
External Promo Tool,2 - Normal
Master Data Management (MDM),2 - Normal
Master Data Management (MDM),2 - Normal
Master Data Management (MDM),2 - Normal
Topaz,2 - Normal
IE - Email auto reply,2 - Normal
HR - Blacklist sender and domain,2 - Normal
Active Directory and Citrix,2 - Normal
 Wave 2,2 - Normal
Active Directory and Citrix,2 - Normal
"Publish new version (2.1) of iOS App ""BD eSign""",2 - Normal
HR - e-mail assignment ,2 - Normal
RS - P22 password reset SCM,2 - Normal
Survey AT_HAUPTLIEFERANT_AB_2020_TEMP,2 - Normal
Account determinations,2 - Normal
GR - Please change PPL Data in XTPM,1 - Urgent
GR - Please change PPL Data in XTPM,2 - Normal
CZ - 2FA reset ,2 - Normal
IT - CHANGE IN PO RS,2 - Normal
GR - Activate contingency process - Greece,2 - Normal
Assign roles to ROX13098,2 - Normal
 Wave 2,2 - Normal
Related INC0857311 (change e-mail),2 - Normal
 Wave 2,2 - Normal
PL - remove open tasks from my INBOX,2 - Normal
GR - Assign access to ZYMC,1 - Urgent
Please add access shared mailbox,2 - Normal
Assign 1 MS Project Professional License,2 - Normal
increase number of images per scene for ir,2 - Normal
reindex and reorganize IMS SQL-DB on CHZRHWD1NEW - 10.201.160.71,2 - Normal
PL - Restore user accesses in SAP,1 - Urgent
Please block the domain @esphere.ru,2 - Normal
PL - Restore user accesses in AD,1 - Urgent
BA - Assign SAP roles ,2 - Normal
Missing access to Perform button,2 - Normal
Access to BICI,2 - Normal
VKOA missing settings for BSS mng fee account in 0754,2 - Normal
PL - Assign missing roles,2 - Normal
Pls assign role to users,2 - Normal
New User access - DSR LME,2 - Normal
 Wave 2,2 - Normal
Replace Position ID 60418713 with 60419061 (IKECHUKWU EKELEME) IN LOCATION 9438,1 - Urgent
AT-CMS-delete contract Schoeller Allibert,2 - Normal
Coppy access from P to Q system,2 - Normal
BSO - Investigate HR clearing S3,2 - Normal
GR - Removal of shipment,1 - Urgent
RO - change email,2 - Normal
3PL users pls create or refresch in Q-sys,2 - Normal
CY - Creation of User in Verint ,1 - Urgent
CY - Change mailbox,1 - Urgent
Add access for https://cchellenic.sharepoint.com/sites/documentsexchangeru-bybsope/Shared%20Documents/Forms/AllItems.aspx,2 - Normal
Final incidence rates update,2 - Normal
Office 365,2 - Normal
HU = Delete Contract Owner,2 - Normal
HR - Blacklist domain and sender,2 - Normal
Commercial Policy Site,2 - Normal
Re-process EDI message ORDERS,1 - Urgent
Commercial Policy Site,2 - Normal
 shared maibox ,2 - Normal
RS - Copy all roles from P to Q03,2 - Normal
Please block emails from sender June@mailvary.net,2 - Normal
Cisco AnyConnect Client installation,2 - Normal
Assign IONELA.ORODEL@CCHELLENIC.COM to RO913128,2 - Normal
HU - Shared mailbox creation,2 - Normal
IE - Block Sender & Domain,1 - Urgent
RU.EDI.Please register GLN for partner EVRONORD,2 - Normal
URGENT: Update of GR_OrderBlockDecisionTable,2 - Normal
Warehouse 040 bin type 24 to change and add,2 - Normal
Please block sender MAlthanon@hbku.edu.qa,2 - Normal
HR - Easy Travel privileges assign,2 - Normal
BSO - MDM Pass Reset,2 - Normal
PL - Issue with creating Vacation Request,2 - Normal
Access to send mail from Business Information Russia.RU.CCHBC <BusinessInformationRussia@cchellenic.com>.,2 - Normal
Assign access to Anthi Polka for P82,1 - Urgent
user deletion ,1 - Urgent
Disable users in AD according to inactivity check for more than 90 days.,2 - Normal
Żabka orders,1 - Urgent
CZ - User access ,2 - Normal
changed approver,2 - Normal
set a release strategy for cc 7545880003,2 - Normal
shared mailbox,2 - Normal
International movement inside CCH - Termination,2 - Normal
PL Remove user from mailing group,2 - Normal
Restar workflow,1 - Urgent
groups,2 - Normal
blacklist,2 - Normal
PL - acces to Citrix for users (instead of RITM0980951),1 - Urgent
acces to Citrix for users,1 - Urgent
BPMS access,2 - Normal
RO - block sender,2 - Normal
GR - Power BI PRO license upgrade,2 - Normal
RS- Add roles,2 - Normal
GR - Request_Authorization,2 - Normal
New ServiceNow Group,1 - Urgent
Смена номера ТК,2 - Normal
установить CITRIX,2 - Normal
Active Directory and Citrix,2 - Normal
Active Directory and Citrix,2 - Normal
Remote Access,2 - Normal
Office 365,2 - Normal
BG - Create new mail group,2 - Normal
Problem,2 - Normal
Internet Access,2 - Normal
 Wave 2,2 - Normal
Please block the email daniel@recollective.comas it's related to NC0858541,2 - Normal
Termination deletion,2 - Normal
 Wave 2,2 - Normal
HU - User access,2 - Normal
 Wave 2,2 - Normal
 Wave 2,2 - Normal
 Wave 2,2 - Normal
 Wave 2,2 - Normal
GR - DHCP Reservation,2 - Normal
Create service account CEO.Presentation@cchellenic.com,1 - Urgent
 Wave 2,2 - Normal
 Wave 2,2 - Normal
SAP ACCESS for RF105178 (Lyubov Kuzmenko) ,2 - Normal
Can't use e-mail,2 - Normal
RS - Activate 3PL user,2 - Normal
SAP ACCESS for Forklift Driver Istra,2 - Normal
PRJ-482 RGM Simulation Tools Enhancements,1 - Urgent
NG - Publish and Push eBest Smartcooler v2.6,1 - Urgent
RS || SAP IOM005 Authorization for YU004605,2 - Normal
CZ - USER access:  ml81n / migo / me51n,2 - Normal
Password reset,2 - Normal
HR - Blacklist sender and domain,2 - Normal
OSS ticket 93865 / 2020  - open connection to P13 and assign user to connection ,2 - Normal
new RS  for  CoE  in cc.0425,1 - Urgent
Office 365,2 - Normal
SK Stop and restart due to 2020 rerouting SLOVAKIA,2 - Normal
CI rules changes,2 - Normal
HU - HPQC Password,2 - Normal
delete 2FA account,2 - Normal
IE - Contingency Change Welcome message,2 - Normal
Linespeed assignment,2 - Normal
NG - Frequent MS Teams User in NG - Report Request,2 - Normal
AT - LAPS password missing,1 - Urgent
Active Directory and Citrix,2 - Normal
Easy Travel,2 - Normal
AirWatch,2 - Normal
Remote Access,2 - Normal
Remote Access,2 - Normal
CY - Create User ,1 - Urgent
LEARNING - Role correction RF123646 (Elena Zvereva),2 - Normal
GR - VPN Access ,1 - Urgent
CI Rates_Update,2 - Normal
RO - Online archive,2 - Normal
SK Re-routing Stop of master data update to BW,2 - Normal
Remote Access,2 - Normal
configure new AP for location FG_RU-Istra,2 - Normal
International movement inside CCH - Hiring,2 - Normal
RO - add group,1 - Urgent
HU - Add to Mailusers.Hungary,2 - Normal
SharePoint Site Limit Monitoring,2 - Normal
Access to the Sharepoint S&OP Database  to upload the Activity Review ,2 - Normal
create new territory,1 - Urgent
TREK - Wrong customer and payer P7901-8*32,2 - Normal
Active Directory and Citrix,2 - Normal
 Wave 2,2 - Normal
 Wave 2,2 - Normal
acces to Citrix for users,2 - Normal
Internet Access,2 - Normal
Office 365,2 - Normal
CY - User access,1 - Urgent
Incidence rates and prices update according to NEM,2 - Normal
Release strategies creation ,1 - Urgent
IT- Admin role in Helo // ref.cases  RITM0978054 & RITM0978056 & RITM0978055,1 - Urgent
CY - User access,1 - Urgent
BSO - Access to the folder,2 - Normal
AT - Please open new 3PL account,1 - Urgent
Access to SAP CRM (Hs3),2 - Normal
ifsa Lite in CCH App store,2 - Normal
Windows password Reset,2 - Normal
SAP ACCESS for RF128841 (Aleksandr Holosha),2 - Normal
 Wave 2,2 - Normal
 Wave 2,2 - Normal
At the user incorrectly listed at mailbox in active directory.,2 - Normal
CZ-2Fa reset ,1 - Urgent
Assigning roles to users,1 - Urgent
Permit Whatsup for all users when connected via Cisco AnyConnect,2 - Normal
 Wave 2,2 - Normal
New setup group keys,2 - Normal
Delete below survey's from iFSA mobile Productive environment.,2 - Normal
 Wave 2,2 - Normal
Please remove orders in TLB,2 - Normal
CZ- issue with printronics printer 8000 ,1 - Urgent
Reset Password,2 - Normal
PL MIGO,2 - Normal
 Wave 2,2 - Normal
New MAM User by061075,2 - Normal
Renew personal certificate,2 - Normal
Rafael Martinez Valera requests access to : Treasury Operations <treasury.operations@cchellenic.com>,2 - Normal
CZ-based on RITM0980380 -INC0858226  ,1 - Urgent
PL wrong end data in IDM,1 - Urgent
Active Directory and Citrix,2 - Normal
Cisco AnyConnect installation,1 - Urgent
Release employees\drop PCR,2 - Normal
CZ-2FA reset ,1 - Urgent
Please move the User Object from OU - Disabled User to Active Users,2 - Normal
 Wave 2,2 - Normal
 Wave 2,2 - Normal
Please adjust Austria Callcenter workinghours,1 - Urgent
Active Directory and Citrix,2 - Normal
Office 365,2 - Normal
 Wave 2,2 - Normal
 Wave 2,2 - Normal
 Wave 2,2 - Normal
 Wave 2,2 - Normal
 Wave 2,2 - Normal
 Wave 2,2 - Normal
Active Directory and Citrix,2 - Normal
 Wave 2,2 - Normal
 Wave 2,2 - Normal
 Wave 2,2 - Normal
 Wave 2,2 - Normal
 Wave 2,2 - Normal
 Wave 2,2 - Normal
Create SD,2 - Normal
Active Directory and Citrix,2 - Normal
Active Directory and Citrix,2 - Normal
Remote Access,2 - Normal
 Wave 2,2 - Normal
Additional access rights on our pc.,2 - Normal
CZ-new VPN certificate generate,1 - Urgent
Active Directory and Citrix,2 - Normal
SAP ACCESS for RU702556 (Vladimir Tsetsulin),2 - Normal
Remote Access,2 - Normal
Remote Access,2 - Normal
Internet Access,2 - Normal
AT - is not able to log into the Inbound Queue,2 - Normal
Business role correction -RU522892 (Tatyana Yagodina),2 - Normal
SAP ACCESS for RU522892 (Tatyana Yagodina),2 - Normal
PL - Employee Sales Orders,2 - Normal
DAISY,2 - Normal
 Wave 2,2 - Normal
Planon,2 - Normal
HPQC,2 - Normal
HPQC,2 - Normal
Office 365,2 - Normal
Office 365,2 - Normal
Active Directory and Citrix,2 - Normal
CTI,2 - Normal
LMS,2 - Normal
 Wave 2,2 - Normal
CTI,2 - Normal
DAISY,2 - Normal
MK - Role assignment ,2 - Normal
Remote Access,2 - Normal
MK - Role assignment ,2 - Normal
Please change my name in all systems/email address from Edvin to Edwin (via W),2 - Normal
CZ - W disk assign / Follow INC0858178,2 - Normal
Pls create users in HPQC,2 - Normal
PL - Dhcp reservation,2 - Normal
Pls assign access to query usergroups for Verena Forsthuber,2 - Normal
Office 365,2 - Normal
Remote Access,2 - Normal
Pls assign role for SQ00 to user Alexandra Thomik,2 - Normal
GR - New Cisco AnyConnect Certificate,1 - Urgent
 Wave 2,2 - Normal
HR - mailing group ,2 - Normal
Import to Q,2 - Normal
HPQC,2 - Normal
HR - Block sender ,2 - Normal
IT - reopen days of 19/03 and 20/03 in iFSA ,1 - Urgent
GR - Access on WHM & SNP BW reports,1 - Urgent
IT - Use a certified email provider for sending Cooler placement/move contract emails,2 - Normal
whitelist,2 - Normal
HR - Block Sender  INC0858153,2 - Normal
URGENT: Please assign users (related to Segmented execution Italy),1 - Urgent
Exclude CRs from charging,2 - Normal
Distribution group_BI Loading Status Group  ,1 - Urgent
ABAP/4 for PRJ-2141,2 - Normal
BS002044,1 - Urgent
new shared maibox ,2 - Normal
BSO - access to folder on  share point S3,2 - Normal
CH Survey Upload to Q and finally to P (HS3),2 - Normal
International movement inside CCH - Hiring,2 - Normal
"OSS ""138024 / 2020 Optimizer run finished with error"" P22 connection",2 - Normal
COIN righst,2 - Normal
CH Survey Upload to Q and finally to P (HS3),2 - Normal
SAP access for user BS002025,1 - Urgent
Add Users to Assignment group G SNOW EXT ATOS MM&HIC 2 / related to CHG0065907,2 - Normal
Reporting role in P57 Seasonal review tool,1 - Urgent
AT - Add Query group,1 - Urgent
HU - All open activities delete on 27th March 2020 for HU,2 - Normal
IC update SO 4500,2 - Normal
Correction of assigned country and approver for CHG0066843,1 - Urgent
 Wave 2,2 - Normal
GR - Assign Roles,2 - Normal
HU - All reassignments delete on 27th March 2020 for HU,2 - Normal
New pre-stage bins creation,2 - Normal
 Wave 2,2 - Normal
HU - Automatic visit generation stop from 23rd March 2020 for HU,2 - Normal
Assign Power BI Pro license for admin user,1 - Urgent
IT - Check access\policies provided through AD groups,2 - Normal
SSF Access,2 - Normal
OpCo access rights in Helo,1 - Urgent
 Wave 2,2 - Normal
Financial closing cockpit_Russia_March 2020,2 - Normal
 Wave 2,2 - Normal
AT - shared mailbox access,1 - Urgent
GR - Access to e mails data base from past years | Following RITM0980399,2 - Normal
GR - Access to e mails data base from past years | Following RITM0980399,2 - Normal
GR - Access to e mails data base from past years | Following RITM0980399,2 - Normal
 Wave 2,2 - Normal
CZ  -  block temporary following meeting rooms/based on RITM0979482,1 - Urgent
activate softphones for  Call agents,1 - Urgent
Restoring data and realignment,1 - Urgent
CZ  -  block temporary following meeting rooms/based on RITM0979482,1 - Urgent
RS - SAP role to add,2 - Normal
PL - Reset 2FA,1 - Urgent
"Please, copy today Data to Target / COBRA cubes",2 - Normal
Ro - access for VPN,2 - Normal
Access,2 - Normal
CZSK - personall certificate for remote access for SDQ00431,1 - Urgent
 Wave 2,2 - Normal
RS - add roles,2 - Normal
CZSK - personall certificate for remote access for SDQ00452,1 - Urgent
PL - Missing tab.,2 - Normal
Create Mail Accounts,2 - Normal
CH - Outlook Display Name,2 - Normal
PL - Request to add accesses,2 - Normal
PL - Add additional access ,2 - Normal
Access to Drive,2 - Normal
Report: All.CCHBC@cchellenic.com,2 - Normal
SAP ACCESS for RF127357(Mariya Kuznetsova),2 - Normal
IT- Change approver on RITM0980400,1 - Urgent
Create Mail Account,2 - Normal
change owner of change request CHG0063704 ,2 - Normal
 please change CTI number 53367 binding to new employee Svetlana Svetlana Aleksandrovna Lukashina RF128795.,2 - Normal
CZ - Please upload the ZHR table CZSK asap,1 - Urgent
Add users to lines,2 - Normal
Create New External User,2 - Normal
 Wave 2,2 - Normal
CZSK - personall certificate for remote access for SDQ00435,1 - Urgent
CZSK - personall certificate for remote access for SDQ00494,1 - Urgent
IE - Modify access,2 - Normal
PCR,2 - Normal
IT - assign SAP role ,2 - Normal
 Wave 2,2 - Normal
HR - Blacklist sender and domain,2 - Normal
2 users add roles,1 - Urgent
Add to ZFI_NTD_POSSIBLE,2 - Normal
deactivate 2FA - 2FA is stuck - user cant logon anymore,2 - Normal
BSO - Access for RPA,1 - Urgent
AD access for user BS001526,1 - Urgent
RO - Create distribution list,2 - Normal
roles for SSF General Ledger Accrual,2 - Normal
Please provide access to Sap Analytics Cloud tool for user ru013605 with rights to create models.,2 - Normal
GR - Access to e mails data base from past years,2 - Normal
IBP S&OP,2 - Normal
Create SD,2 - Normal
HR infoline ru,2 - Normal
RO - Request to delete all uploaded files in SDO,2 - Normal
new screensaver for CCHBC Russia,2 - Normal
CZSK - personall certificate for remot access for SDQ00404,1 - Urgent
IE - assign email license for ie191088,1 - Urgent
 Wave 2,2 - Normal
SAP connection related to OSS message 181512 / 2020 - Q22 system,2 - Normal
CZ-2FA reset ,2 - Normal
pl bin,2 - Normal
SAP ACCESS for RF128835 (Rustem Muhametov),2 - Normal
CZ - reset 2FA,1 - Urgent
PL - restore folder. ,2 - Normal
Please remove old notification from sap inbox,2 - Normal
CZ- 2FA reset ,1 - Urgent
SAP ACCESS for RU933798 (Vladimir Kazimirenok),2 - Normal
RS - add roles,2 - Normal
Phishing e-mail,2 - Normal
HR || Block Sender | INC0857835,2 - Normal
Office 365,2 - Normal
Please grant access to CTI Manager and Verint ,2 - Normal
SAP Hybris Creation APP Access,1 - Urgent
GR - Assign series to user,2 - Normal
PL - maping network printer. ,2 - Normal
Change office licences for maternity leave staff ,2 - Normal
Please change owner in group  in MS Teams,2 - Normal
MK - Change user type from Service to Dialog ,2 - Normal
UA change core switch for MPLS,1 - Urgent
Report: CCHBC All Employees (CCHBC.All.Employees@cchellenic.com),1 - Urgent
Overdue task deadline extension,1 - Urgent
Basse on INC0857096 Alina.Silicheva@cchellenic.com,2 - Normal
BA - Block sender eueamelitagh@outlook.com,2 - Normal
IE - block sender,2 - Normal
Please delete contract from archive and return back to db with status Approved.,1 - Urgent
HU - Monika ,2 - Normal
Overdue tasks deadline extension,1 - Urgent
Reporting role in P57 Seasonal review tool,1 - Urgent
SAP ACCESS for RF053468 (Yuliya Teryaeva),2 - Normal
IE - block sender,2 - Normal
HQ000861 Elsa Papachristopoulou - Access to CS,1 - Urgent
CZ- acces to share disc,1 - Urgent
UA  change subnet for Zaporozhy,1 - Urgent
Reassignment SSF 8003536905,2 - Normal
Access rights for Treasury.Cash.Management@cchellenic.com,1 - Urgent
QUATA LIMIT INCREASE,2 - Normal
INC0857721,2 - Normal
G SNOW RU SD ALL2 - DP/How-to,2 - Normal
Visio assign group for Fotis.Papazafeiropoulos@cchellenic.com,1 - Urgent
GR - Wave 2,1 - Urgent
Active Directory name change request,2 - Normal
CH - Change of owner of a Teams Group,1 - Urgent
SAP access for user BS001526,1 - Urgent
HR - Reset 2FA app,1 - Urgent
Please could you load CAM001 and CAM033,2 - Normal
SAP User Seraina Kunz (CH012855) has no label printer access,2 - Normal
 Wave 2,2 - Normal
Please exclude CHG0065984 from Centrally Closing/Reverse,2 - Normal
CH - Create 8 new users with Viewer Licence in SAC,2 - Normal
 Wave 2,2 - Normal
Office 365,2 - Normal
 Wave 2,2 - Normal
Office 365,2 - Normal
 Wave 2,2 - Normal
HR || VPN Access HRX00510 ,2 - Normal
Office 365,2 - Normal
AT - Edelstal - please revise following server settings on Edestal ESX Hosts,2 - Normal
Office 365,2 - Normal
SAC Viewer access,2 - Normal
AT Edelstal - please revise following settings on switch,2 - Normal
territory creation,2 - Normal
"HU - Rename meeting room, and Create new meeting room",2 - Normal
need authorization for SAF-T - tr. /n/TJC/AEC,2 - Normal
change name of email,2 - Normal
BSO - User start date change,2 - Normal
IT- Assign roles to user // ref.case INC0857406,1 - Urgent
GR - Removal of shipments from tour monitor,1 - Urgent
CZ  -  Deleting CAM001 targets for CZ and SK.,2 - Normal
Create a Dynamic Outlook Group CCHBC All Employees (CCHBC.All.Employees@cchellenic.com),1 - Urgent
Please add users to mail group CATMAN <CATMAN@cchellenic.com>,2 - Normal
add roles,1 - Urgent
BSO - Email change,2 - Normal
AT Edelstal - please check routing on ATEDTFG01/02,1 - Urgent
Create territory codes,2 - Normal
"Mass changes for RU users - Inactive SAP users deletion, Q1 2020",2 - Normal
BPC access for user BS002021,1 - Urgent
Remote access ,2 - Normal
Reprocess the INVRPT file Gigante,1 - Urgent
delete 2FA account,2 - Normal
SD VPN certificate,2 - Normal
Access needed,1 - Urgent
IT- LME updtae in Head role assignement IT031143,2 - Normal
CZ - Reset user password Planon,2 - Normal
BSO - Change email with same User ID,2 - Normal
RU.CMS.Please create Z-Position.,2 - Normal
Office 365,2 - Normal
CY RED new launches  submission,2 - Normal
Write offs and small adjustments,2 - Normal
BSO - New Verint for user in SST Valeri Tchorbadjiev BS001766,1 - Urgent
Active Directory and Citrix,2 - Normal
ONB,2 - Normal
768752 CS TALENT ACQUISITION RFQ02458 (Viktoriya Kuptsova),2 - Normal
 Wave 2,2 - Normal
PL - Wave 2,2 - Normal
PL - Wave 2,2 - Normal
PL - Active Directory and Citrix,2 - Normal
PL - Office 365,2 - Normal
BSO - New CTI for new user in SST BS001766,1 - Urgent
PL - Internet Access,2 - Normal
Office 365,2 - Normal
Increase Storage,2 - Normal
 Wave 2,2 - Normal
Active Directory and Citrix,2 - Normal
CZ-acces to share disks / based on IDM RITM0980097 (wrong category),2 - Normal
Please create online archive for user vladimir.vorontsov@cchellenic.com,2 - Normal
Please add user to group,2 - Normal
Please grant Easy Travel special access to BS001422 - Stefan Stoyanov,2 - Normal
Create new data admin - Mezentseva Yuliya - groups ARU0 and ARU1,2 - Normal
 Wave 2,2 - Normal
Office 365,2 - Normal
Approvers update,1 - Urgent
Delete Surveys from iFSA Productive Environment,2 - Normal
NG - Survey Creation,2 - Normal
Office 365,2 - Normal
Video Room Conf.(Blue Jeans with Polycom and Ext.),2 - Normal
Telephone Conferencing for Office 365,2 - Normal
HPQC,2 - Normal
Office 365,2 - Normal
 Wave 2,2 - Normal
 Wave 2,2 - Normal
 Wave 2,2 - Normal
 Wave 2,2 - Normal
Please reload CAM001,2 - Normal
 Wave 2,2 - Normal
blacklist sender,1 - Urgent
 Wave 2,2 - Normal
Easy Travel,2 - Normal
HPQC,2 - Normal
IE - Block sender | ref. INC0857470,1 - Urgent
Pls create routes in AT ,2 - Normal
IT - CHANGE IN PO - PREQ RS ,2 - Normal
 Wave 2,2 - Normal
 Wave 2,2 - Normal
HR - Request for Training Administration authorizations in HELO,2 - Normal
RS for PO Sch HQ,1 - Urgent
HR - Request for Training Administration authorizations in HELO,2 - Normal
ua change MPLS in Zaporozhy,1 - Urgent
HR - Request for Training Administration authorizations in HELO,2 - Normal
Access Data Missing D02400,2 - Normal
PL - SAP ,2 - Normal
 Wave 2,2 - Normal
Import to Q,2 - Normal
reset password for Q13 for Fractal users,2 - Normal
add roles,1 - Urgent
Add and delete users,2 - Normal
OM PROFILES/PARAMETERS/QUERY GROUPS  for RF120697 (Nikita Orlov) ,2 - Normal
Missing accounts and CC in BSS receiving entity - BSO fees,2 - Normal
NG - Setup SAP Printers,2 - Normal
CZ - add license  G Office365 License E3,1 - Urgent
IT - Blacklist domain for email communications,2 - Normal
Remote Access,2 - Normal
Remote Access,2 - Normal
Remote Access,2 - Normal
GR - Youth Empowered Hub,2 - Normal
Remote Access,2 - Normal
ordered and confrimed quantity,2 - Normal
IT - New VPN certificate needed,1 - Urgent
AT - Create new storage bin types,2 - Normal
CH - IDM Tickets stuck,2 - Normal
Assign license for Ilko Dragiev,1 - Urgent
Delete user,2 - Normal
Button Creation to AC-Win in zug PBX for forward,1 - Urgent
Access for YU003988,2 - Normal
SPC user access,2 - Normal
Please move the User Object from OU - Disabled User to User,2 - Normal
AT - E-Mail missing in AD,2 - Normal
BPM Error Handling,2 - Normal
Add access,2 - Normal
Office 365,2 - Normal
Covid19 - Custom Care relocation - SoftPhone for CTI RS,1 - Urgent
Role access as per CHG0066706,1 - Urgent
 Wave 2,2 - Normal
Office 365,2 - Normal
assign roles,1 - Urgent
Active Directory and Citrix,2 - Normal
Internet Access,2 - Normal
CH - account prolongation request,2 - Normal
Grant access to HPQC for BY059537,2 - Normal
URGENT: create attached marketing attribute values in D/Q/P 54,1 - Urgent
